전경련BSI,주택매매가격,건설BSI(전망),"실업률(계절조정,%)",어음부도율,일별수출액YoY,내국인출국자수YoY,코스피 200 변동성지수,통안채 364일,공사채 AAA 3년,은행채 AAA 3년,국고채5년 - CD,국고채10년 - 통안채1년,은행채AAA3년 - 국고채3년,회사채AA-3년 - 국고채3년,내국인출국자수,한국(OECD),GDP서비스업,설비투자,건설투자,재화수출,내수,GDP디플레이터,총저축률,총투자율,Reuter CRB(EW)상품선물지수,Reuter CRB(EW)에너지지수,Reuter CRB(EW)산업지수,Reuter CRB(EW)귀금속지수,코스피지수
96.4,70.13,83.3,3.7,0.09,14.5,-37.03,25.5,4.06,4.97,5.01,0.47,0.6,0.43,0.92,726316,1.11,0.3,-2.3,2.6,1.6,-0.4,3.1,32.8,32.3,243.7,247.7,217.5,322.4,633.4
90.3,70.83,86.7,3.7,0.08,10.56,-9.67,20.83,4.24,4.83,4.88,0.73,0.85,0.42,0.85,529877,1.57,0.3,-2.3,-0.1,7.8,-0.4,4,33.3,32.3,247.6,255.7,247.3,326.4,669.9
91.4,70.57,86.7,3.8,0.06,14.83,0.93,26.98,4.6,4.43,4.49,0.88,0.83,0.38,0.8,581230,2.19,1.4,-3.3,-0.1,7.8,0.3,4,33.3,31.8,249.9,268.7,232.3,340.1,713.5
109.6,69.99,92.4,3.9,0.06,24.13,2.85,28.33,4.66,4.74,4.78,0.7,0.72,0.3,0.6,576348,2.86,1.4,-3.3,-0.1,7.8,0.3,4,33.3,31.8,255.3,283.3,256.6,364.1,759.5
110.3,69.7,64.1,3.8,0.08,25.49,14.34,25.35,4.51,5.21,5.26,1.05,0.99,0.38,0.67,549973,3.58,1.4,-3.3,2,10.9,0.3,3.3,34.7,31.8,262.6,292.7,262,368.3,697.5
102.8,69.85,77.3,3.6,0.05,25.15,7.67,22.49,4.4,5.18,5.27,1.08,1.03,0.45,0.81,725580,4.31,1.2,5.5,2,10.9,1.4,3.3,34.7,31.4,274.7,316.9,287.9,383.8,782.4
98.7,69.99,86.9,3.6,0.05,20.71,11.11,21.23,4.18,5.23,5.31,0.91,1.03,0.37,0.77,609593,5.07,1.2,5.5,2,10.9,1.4,3.3,34.7,31.4,283.8,314.9,266.3,419.7,796.2
99.8,70.1,74.1,3.6,0.06,53.94,11.07,19.95,4.07,5,5.03,0.92,1.11,0.25,0.64,524213,5.84,1.2,5.5,3.7,5.3,1.4,2.6,35.5,31.4,272.5,337.1,245.8,355,810.7
104.9,70.09,79.8,3.6,0.06,44.14,7.25,24.66,4.04,4.72,4.74,0.62,0.91,0.24,0.54,578500,6.5,0,0.5,3.7,5.3,-0.1,2.6,35.5,32.4,277.3,357.4,252.7,363.4,848.5
113.6,69.91,70.4,3.7,0.1,36.54,8.23,24.47,4.14,4.62,4.64,0.6,0.83,0.21,0.5,612240,6.97,0,0.5,3.7,5.3,-0.1,2.6,35.5,32.4,265.9,339.9,228.2,350.9,883.4
104.3,69.73,62.2,3.5,0.06,49.7,14.44,30.14,3.99,4.41,4.44,0.42,0.7,0.2,0.49,646378,7.21,0,0.5,-1.2,2.4,-0.1,2.5,35.6,32.4,267.8,386.5,220.5,370,880.5
113.2,69.45,54.6,3.7,0.04,55.17,104.4,32.36,3.5,4.45,4.49,0.23,0.61,0.25,0.54,825539,7.2,0.7,2.7,-1.2,2.4,0.8,2.5,35.6,32.3,276.5,366.4,240.3,388.1,862.8
92.1,69.3,60.3,3.8,0.05,31.41,100.93,28.62,3.49,4.24,4.29,0.11,0.53,0.21,0.55,857519,6.98,0.7,2.7,-1.2,2.4,0.8,2.5,35.6,32.3,285,433.7,232.6,392.5,803.8
86.4,69.14,61.2,3.7,0.05,40.64,50.7,22.76,3.42,3.71,3.74,0.02,0.53,0.18,0.49,614604,6.61,0.7,2.7,-0.1,-1.2,0.8,3.9,35.5,32.3,283.7,450.7,223,397.9,785.8
86.4,68.83,39,3.7,0.06,26.09,24.12,23.73,3.29,3.68,3.71,0.09,0.64,0.18,0.44,685885,6.16,0.7,-1.6,-0.1,-1.2,-0.2,3.9,35.5,31.6,290.9,434,229.7,419.7,735.3
95.5,68.54,61.8,3.8,0.05,27.05,18.06,27.17,3.31,3.58,3.61,-0.04,0.5,0.16,0.42,676165,5.69,0.7,-1.6,-0.1,-1.2,-0.2,3.9,35.5,31.6,283.9,383.5,232.1,396.6,803.6
99.2,68.35,47,3.8,0.05,26.35,15.99,25.05,3.75,3.48,3.51,0.75,1.1,0.2,0.41,652687,5.24,0.7,-1.6,-1,1.8,-0.2,2.9,35.2,31.6,284.8,432.3,229.9,392.2,835.1
90.3,68.57,78.1,3.9,0.04,23.87,18.01,21.29,3.8,3.47,3.5,0.75,0.94,0.22,0.43,824146,4.83,0.7,0.2,-1,1.8,0.6,2.9,35.2,32.9,305,457.2,253,407.5,834.8
82.2,68.84,101.1,3.7,0.06,19.02,17.32,18.12,3.79,4.24,4.27,0.63,0.95,0.21,0.42,680672,4.52,0.7,0.2,-1,1.8,0.6,2.9,35.2,32.9,313.6,519.8,258.1,401.8,878.1
77.8,69.23,112.3,3.7,0.04,5.4,18.68,16.67,3.64,4.23,4.26,0.52,0.95,0.22,0.47,635606,4.32,0.7,0.2,-1.4,2,0.6,1.9,34.5,32.9,303.7,469.8,265,398.5,895.9
85.7,69.61,96.4,3.7,0.05,23.44,13.58,19.69,3.57,4.1,4.13,0.29,0.74,0.22,0.43,690688,4.26,0.9,3.3,-1.4,2,0.8,1.9,34.5,32,300.8,469.9,244.2,402,932.7
119.2,70.17,106.6,3.7,0.05,13.12,11.66,22.48,3.8,3.92,3.95,0.71,0.98,0.19,0.37,729035,4.26,0.9,3.3,-1.4,2,0.8,1.9,34.5,32,306.9,514.6,264.7,404.5,1011.4
117.6,70.76,88.9,3.8,0.04,4.1,21.25,16.35,3.78,3.83,3.84,1.06,1.24,0.17,0.35,793646,4.27,0.9,3.3,-0.3,4.2,0.8,0.6,33.8,32,315.2,546.2,268.2,409.4,965.7
114.1,71.01,69.3,3.8,0.02,3.75,19.39,15.76,3.91,4.19,4.2,0.94,0.92,0.18,0.32,946092,4.35,1.2,-0.1,-0.3,4.2,2.2,0.6,33.8,32.8,319,661.8,258.7,401.9,911.3
105.1,71.18,73.8,3.7,0.03,14.23,19.08,16.88,4.38,4.4,4.4,0.9,0.73,0.17,0.3,996144,4.49,1.2,-0.1,-0.3,4.2,2.2,0.6,33.8,32.8,333.3,643.8,276,431.1,970.2
96.5,71.16,64.9,4,0.03,12.98,22.78,21.12,4.46,4.35,4.37,1.27,1.03,0.21,0.31,715085,4.71,1.2,-0.1,4.2,3.9,2.2,0.9,33.4,32.8,326.7,549.4,281,432.8,1008.2
91.7,71.16,72.7,3.9,0.06,17.9,14.6,23.82,4.62,4.85,4.88,1.43,1.07,0.28,0.37,773642,4.97,1.5,0.5,4.2,3.9,0.7,0.9,33.4,32.9,332.5,520.4,289.5,463,1111.3
111.4,71.29,85.2,3.6,0.03,9.86,16.17,25.85,4.67,5.24,5.26,1.27,0.95,0.31,0.46,711363,5.26,1.5,0.5,4.2,3.9,0.7,0.9,33.4,32.9,347.9,564,302.5,478.1,1083.3
110.2,71.53,64.6,3.5,0.02,16.84,16.35,23.38,4.59,5.37,5.4,0.98,0.85,0.3,0.46,712597,5.52,1.5,0.5,-1.8,2.1,0.7,0.8,33.4,32.9,363.3,607.6,323.6,531.4,1221
107.8,71.86,70,3.4,0.02,11.92,12.79,19.44,4.56,5.32,5.34,0.79,0.69,0.26,0.47,909551,5.72,1.1,5.3,-1.8,2.1,1,0.8,33.4,32.3,353.3,551,318.2,521.7,1158.1
103.8,72.32,94.4,3.5,0.02,10.49,5.21,21.57,4.56,5.12,5.15,0.86,0.88,0.23,0.4,877868,5.78,1.1,5.3,-1.8,2.1,1,0.8,33.4,32.3,361.9,609.3,330.9,558.7,1297.4
102.6,72.96,115.7,3.5,0.02,5.88,9.18,19.9,4.6,5.06,5.08,0.62,0.65,0.18,0.34,748472,5.68,1.1,5.3,-1.6,4.3,1,-0.6,32.9,32.3,379.5,660.8,378.9,631.2,1379.4
102.4,73.7,93.1,3.4,0.02,0.7,10.36,18.19,4.54,5.04,5.04,0.51,0.61,0.11,0.25,780689,5.44,1.2,-0.7,-1.6,4.3,1,-0.6,32.9,33.8,379.8,653.8,402.3,627.1,1399.8
118.9,74.05,80.9,3.3,0.02,12.06,28.97,17.98,4.82,4.95,4.95,0.45,0.38,0.14,0.25,827406,5.13,1.2,-0.7,-1.6,4.3,1,-0.6,32.9,33.8,385.6,673.9,391.6,588.3,1371.6
112.7,74.21,61.3,3.5,0.02,11.88,17.76,21.21,4.79,4.88,4.88,0.29,0.26,0.16,0.27,837738,4.83,1.2,-0.7,0.7,4.1,1,0,32.5,33.8,391.5,676.6,409.6,605.3,1359.6
110.7,74.39,73.6,3.5,0.02,20.81,13.03,22.72,4.75,5.08,5.1,0.14,0.21,0.18,0.28,1017263,4.53,1,2.7,0.7,4.1,0.8,0,32.5,32.2,391,624.9,403.7,631.2,1419.7
98.6,74.75,77.4,3.5,0.03,17.89,13.49,23.75,4.62,4.97,4.98,0.02,0.11,0.15,0.25,1076310,4.24,1,2.7,0.7,4.1,0.8,0,32.5,32.2,370.1,553.8,387.5,578.5,1317.7
94.2,75.76,68.5,3.5,0.03,15.86,5.56,17.9,4.66,4.89,4.9,0.21,0.25,0.14,0.24,853220,4,1,2.7,-1.4,4.1,0.8,0.1,33.2,32.2,383.9,519.6,378.2,582.5,1295.2
93.4,78.11,88.5,3.5,0.04,16.9,7.52,16.71,4.82,4.71,4.71,0.21,0.16,0.14,0.24,902912,3.82,0.8,5.6,-1.4,4.1,1.7,0.1,33.2,34,408.8,580.2,380.2,641,1297.8
107.7,79.56,97.4,3.5,0.03,15.78,8.05,16.84,4.95,4.83,4.85,0.14,0.11,0.14,0.2,907921,3.67,0.8,5.6,-1.4,4.1,1.7,0.1,33.2,34,394.9,539,368.8,611.9,1352.7
103.5,80.26,79.4,3.3,0.03,21.29,19.32,14.68,5.03,4.94,4.97,0.07,0.03,0.15,0.2,931774,3.54,0.8,5.6,2.1,-3.9,1.7,-0.1,32.8,34,394.4,513.7,345.7,635.9,1371.4
104.3,80.55,79.3,3.3,0.02,18.49,16.71,15.4,4.93,5.1,5.11,-0.06,0.03,0.19,0.25,1195496,3.43,1,-0.4,2.1,-3.9,1.9,-0.1,32.8,31.9,410.6,581.9,353.1,664.6,1364.6
101.4,80.7,81.7,3.2,0.02,22.24,27.63,17.99,4.86,5.17,5.19,-0.14,0.07,0.17,0.24,905131,3.4,1,-0.4,2.1,-3.9,1.9,-0.1,32.8,31.9,407.5,624,377,650.3,1432.2
96.5,80.8,79.2,3.2,0.01,13.24,30.76,20.38,5.08,5.05,5.06,0.06,0.07,0.2,0.31,961462,3.49,1,-0.4,4.1,6.8,1.9,1.8,33,31.9,403.5,644.6,391.3,663.6,1434.5
93.4,80.83,86.8,3.2,0.02,18.32,31.44,19.64,5.1,5,5.02,0.15,0.22,0.26,0.38,904119,3.72,1.8,2.6,4.1,6.8,1,1.8,33,33,407.6,624.8,390.6,655.6,1360.2
112.3,80.94,92.2,3.3,0.02,15.62,3.11,18.99,5.19,5.24,5.26,0.38,0.32,0.21,0.36,1019279,4.05,1.8,2.6,4.1,6.8,1,1.8,33,33,410.4,661.9,430.8,633.1,1417.3
107.7,81.15,78.2,3.2,0.03,14.47,28.46,18.59,5.26,5.33,5.36,0.18,0.11,0.19,0.32,978612,4.45,1.8,2.6,-1.5,4.1,1,2.6,33.1,33,424.5,676.4,449.3,654,1452.6
110.9,81.3,79,3.3,0.02,8.75,15.81,19.95,5.39,5.44,5.46,0.18,0.18,0.2,0.34,1208261,4.85,1.2,5.4,-1.5,4.1,1,2.6,33.1,33.5,413.5,647.5,420.6,636.6,1542.2
105.6,81.52,82.3,3.2,0.02,17.04,23.19,27.71,5.44,5.41,5.47,0.17,0.16,0.25,0.37,1219033,5.17,1.2,5.4,-1.5,4.1,1,2.6,33.1,33.5,447.6,697,449.9,706.9,1700.9
97.6,81.73,79.1,3.2,0.02,14.65,16.82,32.33,5.4,5.69,5.76,0.14,0.16,0.33,0.43,931384,5.3,1.2,5.4,-2.4,2.3,1,2.4,33.5,33.5,454.3,796.8,439.5,739.6,1743.6
102.5,81.95,75.7,3.2,0.03,13.6,18.78,25.78,5.58,5.79,5.91,0.24,0.11,0.45,0.56,990436,5.21,1.2,-5.6,-2.4,2.3,0.3,2.4,33.5,31.7,451.3,787.4,413.8,731,1933.3
111.8,82.06,73.2,3.3,0.04,19.18,13.26,34.05,5.71,5.8,5.92,-0.04,-0.01,0.49,0.62,988780,4.95,1.2,-5.6,-2.4,2.3,0.3,2.4,33.5,31.7,476.1,832.6,418.3,773.6,1873.2
116.3,82.29,74.8,3.1,0.03,4.98,9.16,32.76,5.07,6.28,6.43,-0.39,0.17,0.66,0.78,993087,4.56,1.2,-5.6,-0.3,3.9,0.3,2.7,33.4,31.7,503.3,806,438.7,870.4,1946.5
112.4,82.54,82.8,3,0.03,17.01,9.69,25.13,4.94,6.55,6.77,-0.1,0.29,1.03,1.16,1233324,4.08,1.5,10.5,-0.3,3.9,2.9,2.7,33.4,33,565.7,882.1,515.5,1007.8,2064.9
103.4,83.17,91.4,3,0.02,20.13,8.91,31.39,5.12,5.32,5.45,-0.25,0.17,0.41,1.12,1050796,3.53,1.5,10.5,-0.3,3.9,2.9,2.7,33.4,33,516.4,889.5,476.3,921.7,1906
103,83.9,75,3,0.03,14.89,6.58,29.21,4.99,5.27,5.46,-0.4,0.15,0.49,0.78,897797,2.91,1.5,10.5,5.3,1.8,2.9,1.9,32.9,33,536.2,982.6,494.9,874.9,1897.1
94.8,84.41,67.4,3.1,0.06,21.86,3.16,27.05,5.24,5.58,5.78,0.18,0.46,0.68,0.86,942438,2.24,0.8,-2.5,5.3,1.8,-0.6,1.9,32.9,32.8,541.3,1126.1,459.3,901.1,1624.7
102.1,84.92,50.7,3.2,0.04,21.02,16.09,22.04,5.63,5.35,5.47,0.61,0.42,0.59,0.9,1012662,1.56,0.8,-2.5,5.3,1.8,-0.6,1.9,32.9,32.8,596,1210.3,512.7,933.8,1711.6
98.1,85.25,47,3.1,0.03,26.4,-6.62,23.06,5.86,5.91,6.05,0.18,0.06,0.59,0.89,921695,0.87,0.8,-2.5,-5.1,-0.2,-0.6,3.6,32.9,32.8,548.9,1067.6,485.2,887.5,1704
104.7,85.42,57.3,3.2,0.02,32.52,4.24,25.15,5.87,6.35,6.52,0.07,0.09,0.62,0.9,1048171,0.2,0.4,-1.1,-5.1,-0.2,-0.3,3.6,32.9,34.2,516.5,996.5,451.1,744.7,1825.5
95.3,85.62,61.6,3.3,0.02,19.08,-0.65,23.82,5.92,6.58,6.87,-0.08,-0.06,1.07,1.24,1072992,-0.39,0.4,-1.1,-5.1,-0.2,-0.3,3.6,32.9,34.2,452.4,873.6,378.3,646.1,1852
83.2,85.57,57.8,3.2,0.02,24.75,-5.82,25.66,5.48,6.8,7.14,-1.26,0.01,1.37,1.62,737554,-0.84,0.4,-1.1,-0.6,2.4,-0.3,3,32.4,34.2,369.6,588.7,266.4,519.5,1674.9
80.8,85.23,36.9,3.2,0.03,25.98,-13.25,36.78,5.15,6.86,7.54,-0.41,0.6,1.8,2.13,845204,-1.09,0.8,-1.2,-0.6,2.4,0.2,3,32.4,36.7,361.7,487.1,257.3,562.6,1594.7
98.3,84.61,16.6,3.4,0.03,10.62,-11.98,81.27,3.25,7.01,7.77,-0.16,0.97,3.3,3.73,625487,-1.15,0.8,-1.2,-0.6,2.4,0.2,3,32.4,36.7,363.1,425.1,241,609.5,1474.2
84.9,84.14,41.5,3.4,0.04,7.78,-20.81,57.79,2.6,7.15,7.86,1.11,2.11,2.99,4.14,585138,-0.96,0.8,-1.2,0.5,-7.3,0.2,3.4,33.3,36.7,364.5,437.7,249.8,653,1448.1
63.7,83.93,44.5,3.3,0.04,-14.08,-14.66,48.61,2.67,4.91,5.62,2.08,2.39,2.21,4.31,727885,-0.44,-1.3,-8.4,0.5,-7.3,-2.3,3.4,33.3,28.5,352.5,424.2,238.1,686,1113.1
55,83.79,54.8,3.3,0.04,-26.45,-36.74,48.21,2.79,4.79,5.15,2.26,2.38,1.56,3.68,677631,0.43,-1.3,-8.4,0.5,-7.3,-2.3,3.4,33.3,28.5,368.8,458.6,269.5,688.8,1076.1
52,83.84,73.2,3.6,0.05,-26.91,-41.08,47.36,2.62,4.98,5.34,1.76,2.07,1.52,2.55,619047,1.62,-1.3,-8.4,-2.1,0.7,-2.3,4,33.1,28.5,371.6,463.2,309,663.8,1124.5
66,83.93,87.9,3.7,0.03,-25.95,-40.98,39.56,2.48,4.81,5.09,2.26,2.69,1.15,2.07,653393,3.03,0,-9.6,-2.1,0.7,-0.3,4,33.1,25.4,393,584.2,329,761,1162.1
76.1,84.09,88.4,3.9,0.04,-25.74,-35.51,34.57,2.97,4.33,4.51,2.23,2.22,0.92,1.52,653266,4.47,0,-9.6,-2.1,0.7,-0.3,4,33.1,25.4,398.8,607,333.7,711.3,1063
86.7,84.32,91.5,3.9,0.02,-23.22,-31.05,33.42,2.88,4.48,4.67,2.35,2.45,0.84,1.16,652598,5.85,0,-9.6,3.9,1.3,-0.3,4,32.3,25.4,413.4,621.9,366.1,730.3,1206.3
103.8,84.58,96.2,3.8,0.02,-27.75,-30.67,27.26,3.52,4.83,5.02,2.34,1.94,0.86,1.27,910729,7.1,1.3,5,3.9,1.3,2.7,4,32.3,26.7,415,606.8,379.2,752.4,1369.4
100.2,85.19,92.8,3.8,0.02,-19.07,-35.49,25.62,3.54,4.96,5.1,2.06,1.8,0.84,1.41,951374,8.19,1.3,5,3.9,1.3,2.7,4,32.3,26.7,430.7,600.1,388.3,807.7,1395.9
98.7,85.51,110.8,3.6,0.02,-22.1,-29.2,23.97,3.52,5,5.17,2.15,1.91,0.79,1.22,576416,9.08,1.3,5,2.1,5.7,2.7,3.7,33.5,26.7,452.7,662.3,414.1,814.1,1390.1
99.8,85.73,90.1,3.5,0.02,-22.64,-13.11,22.85,3.14,5.05,5.2,1.82,2.11,0.81,1.1,631132,9.77,1.4,8.1,2.1,5.7,1.3,3.7,33.5,31.3,479.2,678.9,447.2,915.7,1557.3
117,85.85,83.6,3.7,0.04,-15.03,-11.33,25.41,3.52,5.11,5.22,2.06,1.87,0.78,1.08,640169,10.24,1.4,8.1,2.1,5.7,1.3,3.7,33.5,31.3,484.4,692.7,461.6,867.6,1591.9
116.5,85.96,74.8,3.6,0.03,-4.48,-21.85,21.94,3.29,4.8,4.87,1.94,2.05,0.77,1.11,801851,10.44,1.4,8.1,-1.1,2.3,1.3,2.5,32.6,31.3,465.3,637.6,424.4,859.2,1673.1
109,86.21,91.4,4.7,0.03,15.29,-25.33,20.35,3.12,5.12,5.18,1.74,2.02,0.77,1.12,1030400,10.29,1,7.3,-1.1,2.3,1.6,2.5,32.6,30.8,478.3,690.6,475.3,881.3,1580.7
105.9,86.43,88.9,4.1,0.03,32.79,2.35,23.29,2.72,4.9,4.91,1.74,2.23,0.64,1.06,828037,9.77,1,7.3,-1.1,2.3,1.6,2.5,32.6,30.8,467.3,732.2,491.9,918,1555.6
103.1,86.59,85.5,3.7,0.02,38.97,37.04,20.59,2.68,4.58,4.62,1.82,2.14,0.52,0.93,863958,8.91,1,7.3,0,-0.6,1.6,3.2,34.3,30.8,481.1,772.2,477,973.5,1682.8
102.3,86.63,74.1,3.6,0.03,39.61,41.56,17.68,2.9,4.23,4.26,1.91,2.03,0.37,0.69,850874,7.82,1.5,4.8,0,-0.6,1.5,3.2,34.3,32.7,458.7,657.9,454.2,941.7,1602.4
116.2,86.64,69.6,3.3,0.03,33.77,22.2,18.27,3.13,4.13,4.12,1.98,1.82,0.51,0.63,932517,6.69,1.5,4.8,0,-0.6,1.5,3.2,34.3,32.7,471.4,661.7,436.5,952.1,1594.6
111.2,86.56,58.4,3.5,0.04,29.59,39.56,24.01,3.14,4.4,4.38,1.75,1.7,0.8,1.08,910832,5.6,1.5,4.8,-0.3,9.6,1.5,3.1,35.6,32.7,499.1,683.9,463.7,931.5,1692.9
113.4,86.52,55.9,3.8,0.03,43.02,30.22,21.9,3.2,4.46,4.47,1.34,1.18,0.61,0.97,1132334,4.64,0.5,4.9,-0.3,9.6,0.1,3.1,35.6,30.6,496.7,639.2,490.7,962,1741.6
108.9,86.6,71.5,3.5,0.04,33.38,42.75,19.26,2.9,4.37,4.34,1.05,1.21,0.54,0.92,1140239,3.79,0.5,4.9,-0.3,9.6,0.1,3.1,35.6,30.6,536.1,706.7,555.8,1044.4,1641.3
107.3,86.78,67.6,3.7,0.03,29.27,39.57,18.79,2.85,4.1,4.07,1.2,1.51,0.52,0.86,923116,3.03,0.5,4.9,-4.2,0.7,0.1,3,35.6,30.6,566.3,717.2,617.2,1092.7,1698.3
100.7,87.12,75.6,3.6,0.02,20.76,24.33,16.77,2.95,3.8,3.77,1.08,1.43,0.45,0.76,963341,2.38,0.7,2.5,-4.2,0.7,0.5,3,35.6,32,566,740.3,605.7,1161.5,1759.3
111.1,87.47,81.3,3.3,0.03,32.78,19.85,18.6,3.11,3.71,3.66,1.28,1.41,0.41,0.7,914754,1.88,0.7,2.5,-4.2,0.7,0.5,3,35.6,32,629.5,813.3,723.8,1234.5,1742.8
113.1,87.88,77.5,3.6,0.02,24.87,60.15,22.76,3.55,3.66,3.61,1.36,1.17,0.42,0.74,928829,1.57,0.7,2.5,-1,5,0.5,3.4,34.4,32,650.8,853.5,777.5,1175.8,1872.8
107.1,88.59,87,3.6,0.01,16.33,52.64,15.83,3.57,3.89,3.85,1.11,1.1,0.47,0.81,1172536,1.46,1.3,0.7,-1,5,1.2,3.4,34.4,33.3,677,918.5,838.2,1274.8,1883
104.2,89.45,80.5,3.8,0.02,20.09,42.89,16.3,3.59,4.36,4.32,0.72,0.89,0.36,0.72,1005722,1.5,1.3,0.7,-1,5,1.2,3.4,34.4,33.3,672.8,984.8,842.4,1327.1,1904.6
101.8,90.19,59.1,3.9,0.02,41.53,15.84,20.06,3.71,4.27,4.24,0.68,0.77,0.4,0.74,777259,1.63,1.3,0.7,1.2,7.7,1.2,2,34.1,33.3,687.7,1052.6,710.7,1501.8,2051
98,90.81,74.6,3.5,0.06,25.62,13.79,16.57,3.58,4.17,4.14,0.41,0.65,0.41,0.77,780352,1.75,0.9,0.3,1.2,7.7,0,2,34.1,33.3,656.4,959.8,717.1,1373.9,2069.7
113.5,91.26,80.4,3.3,0.02,28.8,21.46,18.36,3.7,4.19,4.15,0.44,0.59,0.38,0.72,921976,1.8,0.9,0.3,1.2,7.7,0,2,34.1,33.3,632.2,914.1,639.3,1294.6,1939.3
99.3,91.63,76.8,3.3,0.04,26.13,-10.04,18.56,3.83,4.01,3.98,0.43,0.37,0.39,0.66,962049,1.77,0.9,0.3,-4.2,2.1,0,1,34.1,33.3,645.8,937.4,614,1410.1,2106.7
104.3,92.08,64.1,3.3,0.02,18.95,-8.29,19.24,3.51,4.17,4.14,0.03,0.35,0.38,0.62,1142357,1.66,0.5,4.3,-4.2,2.1,1.5,1,34.1,34.8,661.9,900.9,606.4,1505.1,2192.4
104.3,92.59,74,3.2,0.01,11.15,-1.13,21,3.56,4.24,4.21,0.08,0.39,0.36,0.64,1144471,1.52,0.5,4.3,-4.2,2.1,1.5,1,34.1,34.8,571.4,800.5,510.8,1213.5,2142.5
101.3,92.95,72.2,3.3,0.01,26.25,5.62,28.05,3.58,3.97,3.96,0.06,0.29,0.47,0.84,918725,1.38,0.5,4.3,1.7,1.6,1.5,1.4,34.8,34.8,604.3,879.3,555.7,1318.1,2100.7
98.9,93.32,69,3.2,0.01,25.52,0.89,40.56,3.48,4.03,4,-0.06,0.29,0.45,0.9,932759,1.25,0.5,-1.5,1.7,1.6,-0.3,1.4,34.8,31.2,584.2,900.2,520.6,1291.6,2133.2
96.3,93.48,70.3,3.2,0.02,12.65,0.37,31.02,3.5,4,3.97,-0.09,0.29,0.46,0.9,879791,1.13,0.5,-1.5,1.7,1.6,-0.3,1.4,34.8,31.2,563,895.3,513.5,1139.3,1880.1
101.4,93.62,64,3.2,0.02,12.33,-0.48,29.04,3.45,3.77,3.76,-0.05,0.32,0.38,0.71,921723,1,0.5,-1.5,-0.9,-0.5,-0.3,1.9,35.2,31.2,589,934.3,547.5,1302.8,1769.7
96.4,93.78,64.4,3.3,0.02,11.52,-3.17,26.4,3.47,3.77,3.74,0.01,0.35,0.4,0.76,1099531,0.88,0.6,-4.6,-0.9,-0.5,0.1,1.9,35.2,32.3,600.3,1005.2,543.7,1341.5,1909
94.8,93.92,73.7,3.5,0.01,8.15,-3.82,23.36,3.53,3.77,3.74,0.15,0.43,0.36,0.67,1054817,0.81,0.6,-4.6,-0.9,-0.5,0.1,1.9,35.2,32.3,572.9,997.4,547.7,1290.3,1847.5
88.3,94.02,81.7,3.3,0.01,-3.13,-0.77,19.4,3.47,3.79,3.76,0.02,0.34,0.31,0.63,919070,0.81,0.6,-4.6,2.6,0.2,0.1,2.3,34.3,32.3,558.2,985.3,530.9,1249.4,1825.7
91,94.07,74.5,3.3,0.02,-0.54,-6.23,17.56,3.32,3.88,3.84,-0.11,0.37,0.29,0.58,919446,0.91,1,13.1,2.6,0.2,1.9,2.3,34.3,33.5,508.8,834.5,446.8,1139.9,1955.8
106.1,94.04,72.6,3.2,0.01,0.59,4.88,17.31,3.29,3.76,3.72,-0.12,0.33,0.27,0.52,990943,1.13,1,13.1,2.6,0.2,1.9,2.3,34.3,33.5,539.7,816,458.5,1156.9,2030.3
98.4,93.93,73.7,3.2,0.02,1.44,18.25,22.69,2.83,3.64,3.59,-0.23,0.31,0.27,0.49,1006344,1.42,1,13.1,-3.9,1.9,1.9,1.5,34.8,33.5,560.9,853.6,453,1153.7,2014
104.7,93.83,64.3,3.1,0.02,-7.29,17.82,20.03,2.82,3.66,3.63,-0.3,0.2,0.33,0.56,1193939,1.76,0.7,-8.4,-3.9,1.9,-1.5,1.5,34.8,31.8,576.9,939.6,473.6,1251.6,1982
98.3,93.69,66.6,3.1,0.02,3.15,7.48,20.32,2.84,3.08,3.08,-0.22,0.18,0.23,0.5,1220217,2.12,0.7,-8.4,-3.9,1.9,-1.5,1.5,34.8,31.8,580.2,920.9,472.8,1350.1,1843.5
89.7,93.59,74.7,3.2,0.02,-10.65,4.6,20.35,2.78,2.98,2.98,-0.01,0.18,0.22,0.44,952772,2.46,0.7,-8.4,-3.4,3.4,-1.5,0.9,33.8,31.8,563.9,865.2,456.1,1282,1854
82.7,93.52,66.3,3.1,0.02,-6,4.52,17.23,2.85,3,3,0.06,0.18,0.21,0.47,1044689,2.8,0.3,-2.8,-3.4,3.4,0.8,0.9,33.8,29.4,571.2,889,475.9,1300.1,1882
99.5,93.45,63,3.1,0.03,-2.36,6.62,18.37,2.78,2.96,2.95,0.08,0.38,0.18,0.43,1012696,3.14,0.3,-2.8,-3.4,3.4,0.8,0.9,33.8,29.4,554.6,900.3,480.2,1233.9,1905.1
97,93.4,65.6,3.1,0.02,-1.18,3.71,14.87,2.75,3.01,3,0.05,0.35,0.16,0.39,1059678,3.46,0.3,-2.8,1,0.5,0.8,-0.3,33.9,29.4,569.1,957.1,510,1280.3,1996.2
92.5,93.35,77.2,3.2,0.02,3.9,12,15.89,2.64,3.05,3.04,-0.08,0.3,0.22,0.48,1314026,3.71,0.7,-4.6,1,0.5,-0.3,-0.3,33.9,28.6,550.1,918,504.1,1195.3,1912.1
82,93.3,67.1,3.3,0.01,7.11,15.11,15.18,2.57,2.93,2.91,-0.23,0.23,0.15,0.35,1082337,3.89,0.7,-4.6,1,0.5,-0.3,-0.3,33.9,28.6,551.9,939.8,504.6,1196.2,1932.9
85.7,93.31,70.8,3.1,0.02,1.62,14.97,15.19,2.57,2.81,2.79,-0.25,0.2,0.16,0.34,1005139,3.98,0.7,-4.6,0.2,0.8,-0.3,0.5,34.1,28.6,541.8,879.6,481.4,1088.3,1997.1
86.7,93.29,64.4,3,0.02,2.54,19.51,14.34,2.66,2.73,2.71,0.21,0.46,0.19,0.36,989461,4.04,0.6,3.2,0.2,0.8,1.1,0.5,34.1,29.4,528.1,863.2,471.6,1028.9,1961.9
104.4,93.26,75,3.1,0.02,4.41,2.61,14.74,2.69,2.71,2.68,0.45,0.71,0.19,0.36,1075060,4.09,0.6,3.2,0.2,0.8,1.1,0.5,34.1,29.4,500.4,876.3,461.5,915.5,2026.5
101.5,93.25,65.4,3.1,0.01,-8.21,9.36,14.16,2.69,2.96,2.93,0.54,0.8,0.15,0.34,1112324,4.13,0.6,3.2,3.5,1.1,1.1,1,34.5,29.4,508.2,942,469.3,960.1,2004.9
99.8,93.22,60.9,3.2,0.02,0.91,7.61,17.11,2.66,3.19,3.17,0.51,0.87,0.29,0.46,1301158,4.15,1.2,0.9,3.5,1.1,1.3,1,34.5,28.3,523.6,956.9,474.1,1064,1964
97.2,93.26,69.4,3.1,0.01,3.6,8.49,16.26,2.67,3.16,3.15,0.39,0.75,0.23,0.42,1286975,4.13,1.2,0.9,3.5,1.1,1.3,1,34.5,28.3,517.1,897.3,491.9,992.6,2001.1
90.7,93.45,69.7,3,0.04,-1.5,10.53,15.73,2.66,3.09,3.08,0.4,0.74,0.2,0.38,1083619,4.08,1.2,0.9,4.3,0,1.3,1.4,34.4,28.3,508.1,881.6,464.5,1002.5,1863.3
92.7,93.62,64.1,3.1,0.04,9.88,8.98,15.38,2.72,3.07,3.05,0.7,0.95,0.23,0.44,1128991,4.01,0.7,3.5,4.3,0,0.9,1.4,34.4,28.9,509.2,890.3,461.6,937.5,1914
94.4,93.8,66.5,3.1,0.02,8.15,5.47,14.41,2.69,3.09,3.08,0.57,0.9,0.26,0.47,1049867,3.9,0.7,3.5,4.3,0,0.9,1.4,34.4,28.9,508.1,924,489.2,916.1,1926.4
101.1,93.9,59.8,3.2,0.02,7.21,13.73,14.42,2.67,3.26,3.24,0.57,0.95,0.23,0.45,1096340,3.79,0.7,3.5,-1,1.1,0.9,0.5,34.3,28.9,515,898.5,479.2,922.1,1997
94.7,94.06,70.6,3.3,0.02,2.34,8.07,12.84,2.66,3.14,3.14,0.48,0.84,0.28,0.51,1356890,3.68,0.8,3.7,-1,1.1,0.6,0.5,34.3,29.3,550.1,934.1,481,991.6,2030.1
92.6,94.32,75.5,3.7,0.02,-0.05,3.67,14.43,2.67,3.1,3.11,0.51,0.85,0.23,0.43,1210850,3.56,0.8,3.7,-1,1.1,0.6,0.5,34.3,29.3,560.4,920.1,486,953,2044.9
93.4,94.52,77.3,3.5,0.01,8.82,3.46,13.49,2.67,3.04,3.04,0.52,0.86,0.19,0.39,1042379,3.42,0.8,3.7,-2.4,0.5,0.6,1.3,34.1,29.3,566.5,918.4,473.7,947.9,2011.3
88.7,94.58,73.7,3.6,0.03,-3.34,3.26,13.82,2.66,3.07,3.06,0.39,0.68,0.19,0.36,1072338,3.23,0.9,-0.8,-2.4,0.5,0.8,1.3,34.1,29.2,548,921.3,461.8,932.8,1941.2
104.4,94.64,78.8,3.6,0.02,1.45,11.87,11.6,2.6,3.06,3.06,0.23,0.57,0.19,0.35,1107938,2.99,0.9,-0.8,-2.4,0.5,0.8,1.3,34.1,29.2,544.7,944.6,445.5,997.1,1980
99.5,94.73,79.7,3.5,0.02,8.9,3.7,10.86,2.42,2.99,2.99,0.11,0.63,0.17,0.33,1157098,2.76,0.9,-0.8,3.4,0.4,0.8,0.3,34.5,29.2,520.2,887.9,413.2,973.2,1985.6
101.7,94.86,76.1,3.5,0.02,5.05,8.38,11.48,2.35,2.86,2.86,0.34,0.68,0.17,0.32,1337050,2.57,0.4,1.6,3.4,0.4,0.1,0.3,34.5,29,516.8,868.8,420.1,950.6,1961.8
94.5,95.12,88.5,3.5,0.03,4.87,3.06,12.69,2.21,2.69,2.7,0.15,0.64,0.18,0.34,1426129,2.49,0.4,1.6,3.4,0.4,0.1,0.3,34.5,29,489.2,812.4,391.3,864.3,1995
94,95.4,81.8,3.5,0.02,5.18,4.03,10.86,2.08,2.68,2.68,0.15,0.56,0.17,0.33,1208892,2.53,0.4,1.6,0.4,-1.6,0.1,0.1,34.4,29,483,737.6,402.3,824.4,2002.2
91.6,95.59,83.8,3.6,0.02,3.99,2.76,12.69,2.01,2.44,2.45,0.1,0.58,0.16,0.31,1312634,2.67,1.1,0.1,0.4,-1.6,0.7,0.1,34.4,30.1,473,629.9,379.3,810.2,2076.1
93.1,95.77,76.6,3.5,0.01,1.2,10.81,13.99,2.09,2.29,2.3,0.15,0.51,0.16,0.3,1178883,2.89,1.1,0.1,0.4,-1.6,0.7,0.1,34.4,30.1,447.4,523.8,378.3,812.7,2068.5
100.7,95.9,82,3.6,0.02,2.28,11.56,11.59,1.96,2.22,2.23,-0.07,0.28,0.16,0.3,1315007,3.13,1.1,0.1,-0.1,-0.2,0.7,0.7,35,30.1,429.9,500.4,353.5,868.5,2020.1
93.6,96.11,79.7,3.6,0.02,1.61,16.27,12.97,2,2.28,2.28,0,0.35,0.19,0.34,1715140,3.38,0.7,3.2,-0.1,-0.2,-0.2,0.7,35,28.9,434.1,576.1,382.3,830.2,1964.4
94,96.51,95.9,3.7,0.01,-1.21,12.29,13.67,1.72,2.07,2.09,-0.05,0.45,0.12,0.29,1338233,3.57,0.7,3.2,-0.1,-0.2,-0.2,0.7,35,28.9,417.2,520.3,380.6,814.3,1980.8
90.3,96.99,103.2,3.6,0.04,-7.32,19.95,11.11,1.76,2.12,2.13,0.24,0.65,0.1,0.25,1301602,3.7,0.7,3.2,-4.9,-0.3,-0.2,2,36.4,28.9,428.8,609.6,402.6,805.8,1915.6
92.1,97.35,101.2,3.7,0.03,9.36,26.4,11.09,1.68,1.81,1.82,0.12,0.63,0.1,0.25,1379169,3.79,0.6,0.3,-4.9,-0.3,1.9,2,36.4,28.5,421.1,603.6,383.5,809.7,1949.3
103.7,97.8,101.5,3.8,0.01,-8.55,10.52,11.76,1.61,1.96,1.97,0.42,0.84,0.13,0.27,1454584,3.85,0.6,0.3,-4.9,-0.3,1.9,2,36.4,28.5,433.4,590.3,384.5,779.7,1985.8
97.5,98.21,98.2,3.8,0.02,-8.05,24.87,12.59,1.6,1.91,1.91,0.39,0.83,0.16,0.32,1261209,3.89,0.6,0.3,9,0.1,1.9,2.8,35.2,28.5,400.9,489,356.4,725.8,2041
99.4,98.6,99.2,3.7,0.01,-6.9,28.61,14.45,1.6,1.93,1.93,0.3,0.69,0.14,0.31,1564344,3.9,0.3,0.8,9,0.1,0.3,2.8,35.2,28.5,399.8,494.5,350.2,737.4,2127.2
96.4,99.06,96.1,3.6,0.01,-13.02,31.29,13.54,1.53,1.88,1.89,0.13,0.54,0.12,0.31,1712258,3.88,0.3,0.8,9,0.1,0.3,2.8,35.2,28.5,389,447.8,343.7,707.2,2114.8
84.3,99.39,87.7,3.5,0.01,-5.2,9,19.75,1.58,1.84,1.85,0.22,0.53,0.12,0.31,1390125,3.82,0.3,0.8,1.4,-0.3,0.3,2.8,36,28.5,401.1,456.2,349.9,750.3,2074.2
89.6,99.82,88.7,3.5,0,-13.26,17,20.48,1.67,1.69,1.7,0.3,0.58,0.13,0.42,1607900,3.72,1,1.9,1.4,-0.3,1.4,2.8,36,29.4,380,423.8,328.6,669.5,2030.2
95.1,100,86.9,3.5,0.01,-14.56,20.06,14.22,1.63,1.76,1.78,0.14,0.44,0.12,0.45,1505372,3.58,1,1.9,1.4,-0.3,1.4,2.8,36,29.4,379.3,384,337.2,679.7,1941.5
101.2,100.08,78.1,3.5,0.01,-16.03,14.99,14.37,1.55,1.97,1.98,0.05,0.43,0.19,0.55,1655718,3.4,1,1.9,2.1,2.2,1.4,2.1,34.9,29.4,370.4,359.7,326.3,693.8,1962.8
95.9,100.16,79.2,3.5,0.01,-7.04,22.49,14.18,1.46,1.83,1.84,-0.08,0.32,0.17,0.58,1980329,3.18,0.8,0,2.1,2.2,0.7,2.1,34.9,29.3,368.8,363.9,316.9,746.7,2029.5
97.5,100.19,84.4,4,0.01,-14.32,27.69,17.93,1.48,1.71,1.71,-0.06,0.31,0.15,0.51,1752939,2.97,0.8,0,2.1,2.2,0.7,2.1,34.9,29.3,387.8,402.1,326.7,766,1992
93.2,100.23,84.4,3.8,0.01,-16.04,25.91,17.56,1.48,1.6,1.6,-0.06,0.31,0.15,0.49,1444688,2.81,0.8,0,-2.2,-1.6,0.7,1.8,36.3,29.3,409.1,458.5,347.5,841.6,1961.3
86.3,100.3,86.5,3.7,0.01,-17.71,15.46,12.33,1.52,1.59,1.59,0.02,0.29,0.15,0.46,1514926,2.72,0.4,-7,-2.2,-1.6,0.7,1.8,36.3,27.9,411.4,478.6,334.2,771.8,1912.1
98.3,100.39,77.7,3.7,0.01,-8.16,30.99,12.42,1.28,1.59,1.59,-0.07,0.19,0.14,0.44,1527890,2.68,0.4,-7,-2.2,-1.6,0.7,1.8,36.3,27.9,432.9,465.5,343.9,846.8,1916.7
95.7,100.52,81.1,3.6,0.02,-9.23,10.99,11.81,1.25,1.63,1.63,-0.13,0.13,0.14,0.43,1652141,2.7,0.4,-7,7.6,1.9,0.7,1.8,35.9,27.9,420.5,405.5,370.8,914.7,1995.9
102.3,100.64,84.5,3.6,0.01,-6.13,9.84,13.9,1.32,1.39,1.39,0.01,0.16,0.15,0.43,1950754,2.76,0.5,2.6,7.6,1.9,1.3,1.8,35.9,29.2,412.4,434.2,338.2,854,1994.2
94.8,100.78,83.9,3.8,0.01,-0.78,5.04,12.6,1.31,1.34,1.35,-0.09,0.09,0.13,0.38,1934125,2.83,0.5,2.6,7.6,1.9,1.3,1.8,35.9,29.2,418.5,467.7,355.5,858,1983.4
90.5,101.03,82.8,3.9,0.02,-4.82,31,11.56,1.43,1.43,1.44,0.11,0.26,0.13,0.36,1774432,2.91,0.5,2.6,3.1,1.5,1.3,1.5,35.4,29.2,422.5,458.7,357.1,812.2,1970.4
89.5,101.28,75.1,3.8,0.01,-5.95,24.7,14.11,1.6,1.42,1.44,0.38,0.54,0.19,0.41,1737421,2.96,0.6,0.9,3.1,1.5,0.9,1.5,35.4,30.2,419.8,485.9,397.6,751.3,2016.2
95,101.35,77.2,3.6,0.01,0.76,12.96,14.61,1.56,1.63,1.63,0.28,0.51,0.19,0.49,1699422,2.98,0.6,0.9,3.1,1.5,0.9,1.5,35.4,30.2,420.6,536.4,385.2,738.1,2034.7
